timestamp,project_name,run_id,duration,emissions,emissions_rate,cpu_power,gpu_power,ram_power,cpu_energy,gpu_energy,ram_energy,energy_consumed,country_name,country_iso_code,region,cloud_provider,cloud_region,os,python_version,codecarbon_version,cpu_count,cpu_model,gpu_count,gpu_model,longitude,latitude,ram_total_size,tracking_mode,on_cloud,pue
2023-11-24T14:47:59,codecarbon,53781b08-8066-4c92-92aa-57ca248859ab,0.0041325092315673,8.090050289866749e-09,1.957660548721472e-06,42.5,0.0,4.28122615814209,4.2228400707244884e-08,0,1.035751180893385e-09,4.3264151888138266e-08,Luxembourg,LUX,esch-sur-alzette,,,Linux-6.5.0-5-generic-x86_64-with-glibc2.38,3.11.4,2.3.1,4,Intel(R) Celeron(R) N5100 @ 1.10GHz,,,5.9802,49.4998,11.416603088378906,machine,N,1.0
2023-11-24T14:50:52,codecarbon,8e3c21b9-bc3e-4d09-8399-17e9ae021f13,0.0039284229278564,7.62079972647258e-09,1.9399132594491017e-06,42.5,0.0,4.28122615814209,3.9475659529368086e-08,0,1.2790237002491267e-09,4.0754683229617217e-08,Luxembourg,LUX,esch-sur-alzette,,,Linux-6.5.0-5-generic-x86_64-with-glibc2.38,3.11.4,2.3.1,4,Intel(R) Celeron(R) N5100 @ 1.10GHz,,,5.9802,49.4998,11.416603088378906,machine,N,1.0
2023-11-24T14:53:12,codecarbon,5f2cdd45-d5eb-4ef0-95c9-0a6eaadff7b7,0.004230260848999,8.336119362038254e-09,1.9705922777813503e-06,42.5,0.0,4.28122615814209,4.3494999408721935e-08,0,1.0850861673361574e-09,4.458008557605809e-08,Luxembourg,LUX,esch-sur-alzette,,,Linux-6.5.0-5-generic-x86_64-with-glibc2.38,3.11.4,2.3.1,4,Intel(R) Celeron(R) N5100 @ 1.10GHz,,,5.9802,49.4998,11.416603088378906,machine,N,1.0
2023-11-24T14:54:19,codecarbon,7822531c-f32a-42a7-82c7-b7a50666de0a,0.0041694641113281,8.281286566468904e-09,1.9861752842455848e-06,42.5,0.0,4.28122615814209,4.3233235677083336e-08,0,1.0536138483985267e-09,4.428684952548186e-08,Luxembourg,LUX,esch-sur-alzette,,,Linux-6.5.0-5-generic-x86_64-with-glibc2.38,3.11.4,2.3.1,4,Intel(R) Celeron(R) N5100 @ 1.10GHz,,,5.9802,49.4998,11.416603088378906,machine,N,1.0
2023-11-24T14:56:33,codecarbon,5ffc038c-00d3-40f6-a695-b7593ae098f0,0.0045638084411621,8.806533081816248e-09,1.929645644718118e-06,42.5,0.0,4.28122615814209,4.60957487424215e-08,0,1.000025845883101e-09,4.709577458830457e-08,Luxembourg,LUX,esch-sur-alzette,,,Linux-6.5.0-5-generic-x86_64-with-glibc2.38,3.11.4,2.3.1,4,Intel(R) Celeron(R) N5100 @ 1.10GHz,,,5.9802,49.4998,11.416603088378906,machine,N,1.0
2023-11-24T14:57:05,codecarbon,6cfe5c29-3374-46e4-a27c-c3f4ecbde1b3,0.0036046504974365,7.316003575479587e-09,2.029601366535375e-06,42.5,0.0,4.28122615814209,3.838919930987889e-08,0,7.354882461640954e-10,3.9124687556042975e-08,Luxembourg,LUX,esch-sur-alzette,,,Linux-6.5.0-5-generic-x86_64-with-glibc2.38,3.11.4,2.3.1,4,Intel(R) Celeron(R) N5100 @ 1.10GHz,,,5.9802,49.4998,11.416603088378906,machine,N,1.0
2023-11-24T14:57:12,codecarbon,c658d7f4-7c56-45fc-aaf9-f5a7c03cf039,0.0017421245574951,3.6298222190982157e-09,2.08356067508588e-06,42.5,0.0,4.28122615814209,1.8866691324445945e-08,0,5.449531261092483e-10,1.9411644450555192e-08,Luxembourg,LUX,esch-sur-alzette,,,Linux-6.5.0-5-generic-x86_64-with-glibc2.38,3.11.4,2.3.1,4,Intel(R) Celeron(R) N5100 @ 1.10GHz,,,5.9802,49.4998,11.416603088378906,machine,N,1.0
2023-11-24T14:57:15,codecarbon,2b475de0-ed1d-44bb-845b-1bf8b3e0095b,0.0027413368225097,5.457091252681638e-09,1.9906679135056188e-06,42.5,0.0,4.28122615814209,2.8605428006913927e-08,0,5.78126651475941e-10,2.9183554658389868e-08,Luxembourg,LUX,esch-sur-alzette,,,Linux-6.5.0-5-generic-x86_64-with-glibc2.38,3.11.4,2.3.1,4,Intel(R) Celeron(R) N5100 @ 1.10GHz,,,5.9802,49.4998,11.416603088378906,machine,N,1.0
2023-11-24T14:57:34,codecarbon,4cf9933e-98b9-475b-b06c-6fd1e5e03615,0.003328800201416,6.615512578097861e-09,1.9873564581267848e-06,42.5,0.0,4.28122615814209,3.442052337858412e-08,0,9.5806275396626e-10,3.537858613255038e-08,Luxembourg,LUX,esch-sur-alzette,,,Linux-6.5.0-5-generic-x86_64-with-glibc2.38,3.11.4,2.3.1,4,Intel(R) Celeron(R) N5100 @ 1.10GHz,,,5.9802,49.4998,11.416603088378906,machine,N,1.0
2023-11-24T15:02:27,codecarbon,c98c66bc-c963-4119-a5bb-e8d920cdd8b2,0.0033783912658691,6.681977423747096e-09,1.977857772500504e-06,42.5,0.0,4.28122615814209,3.474420971340604e-08,0,9.898186073087346e-10,3.5734028320714775e-08,Luxembourg,LUX,esch-sur-alzette,,,Linux-6.5.0-5-generic-x86_64-with-glibc2.38,3.11.4,2.3.1,4,Intel(R) Celeron(R) N5100 @ 1.10GHz,,,5.9802,49.4998,11.416603088378906,machine,N,1.0
2023-11-24T15:18:10,codecarbon,3d3fc160-c0cf-482a-b943-d40b13878d10,0.0033826828002929,6.720460732858832e-09,1.9867250728554222e-06,42.5,0.0,4.281216144561768,3.5020046763949934e-08,0,9.197834579784587e-10,3.5939830221928384e-08,Luxembourg,LUX,esch-sur-alzette,,,Linux-6.5.0-5-generic-x86_64-with-glibc2.38,3.11.4,2.3.1,4,Intel(R) Celeron(R) N5100 @ 1.10GHz,,,5.9802,49.4998,11.416576385498049,machine,N,1.0
2023-11-24T15:21:26,codecarbon,2a8d3ed2-1859-4e19-91c3-683b5b8377ef,0.0034804344177246,6.8683924381595465e-09,1.9734296394672103e-06,42.5,0.0,4.281216144561768,3.574623001946344e-08,0,9.84712684820958e-10,3.673094270428439e-08,Luxembourg,LUX,esch-sur-alzette,,,Linux-6.5.0-5-generic-x86_64-with-glibc2.38,3.11.4,2.3.1,4,Intel(R) Celeron(R) N5100 @ 1.10GHz,,,5.9802,49.4998,11.416576385498049,machine,N,1.0
2023-11-24T15:21:37,codecarbon,f4d135bd-bb3c-4687-810e-67e856f646d3,0.0031797885894775,6.190081902808417e-09,1.946696054980652e-06,42.5,0.0,4.281216144561768,3.245870272318522e-08,0,6.44755728558266e-10,3.3103458451743485e-08,Luxembourg,LUX,esch-sur-alzette,,,Linux-6.5.0-5-generic-x86_64-with-glibc2.38,3.11.4,2.3.1,4,Intel(R) Celeron(R) N5100 @ 1.10GHz,,,5.9802,49.4998,11.416576385498049,machine,N,1.0
2023-11-24T15:33:50,codecarbon,1f6012b3-5749-4775-b59f-fcd9d04e0bdf,0.0031929016113281,6.4787480369915695e-09,2.029109827251037e-06,42.5,0.0,4.281216144561768,3.370841344197591e-08,0,9.38780218670369e-10,3.464719366064628e-08,Luxembourg,LUX,esch-sur-alzette,,,Linux-6.5.0-5-generic-x86_64-with-glibc2.38,3.11.4,2.3.1,4,Intel(R) Celeron(R) N5100 @ 1.10GHz,,,5.9802,49.4998,11.416576385498049,machine,N,1.0
2023-11-24T15:35:12,codecarbon,c00d730c-ca11-4e29-9c3a-a6dc1d5083b5,0.0039200782775878,7.581094363353926e-09,1.9339140258236724e-06,42.5,0.0,4.281216144561768,3.966424200269911e-08,0,8.781039979529245e-10,4.0542346000652034e-08,Luxembourg,LUX,esch-sur-alzette,,,Linux-6.5.0-5-generic-x86_64-with-glibc2.38,3.11.4,2.3.1,4,Intel(R) Celeron(R) N5100 @ 1.10GHz,,,5.9802,49.4998,11.416576385498049,machine,N,1.0
2023-11-24T15:40:16,codecarbon,ee77be81-2bd2-4aee-89f6-39d5c7787a94,0.003803014755249,7.658335761878921e-09,2.013753891253953e-06,42.5,0.0,4.281216144561768,3.990067376030816e-08,0,1.0547455190135226e-09,4.0955419279321684e-08,Luxembourg,LUX,esch-sur-alzette,,,Linux-6.5.0-5-generic-x86_64-with-glibc2.38,3.11.4,2.3.1,4,Intel(R) Celeron(R) N5100 @ 1.10GHz,,,5.9802,49.4998,11.416576385498049,machine,N,1.0
2023-11-24T15:41:09,codecarbon,107a693c-91ed-469b-a2b9-6bf3f8d60eb5,0.003725528717041,7.549401963157747e-09,2.0263974690695247e-06,42.5,0.0,4.281216144561768,3.9346184995439326e-08,0,1.0266756785881628e-09,4.037286067402748e-08,Luxembourg,LUX,esch-sur-alzette,,,Linux-6.5.0-5-generic-x86_64-with-glibc2.38,3.11.4,2.3.1,4,Intel(R) Celeron(R) N5100 @ 1.10GHz,,,5.9802,49.4998,11.416576385498049,machine,N,1.0
2023-11-24T15:46:59,codecarbon,896516db-0800-4c10-8d18-af13fdaa83f5,0.0015864372253417,3.175096756069813e-09,2.001400815204485e-06,42.5,0.0,4.281216144561768,1.6578369670444064e-08,0,4.0148377820514714e-10,1.6979853448649212e-08,Luxembourg,LUX,esch-sur-alzette,,,Linux-6.5.0-5-generic-x86_64-with-glibc2.38,3.11.4,2.3.1,4,Intel(R) Celeron(R) N5100 @ 1.10GHz,,,5.9802,49.4998,11.416576385498049,machine,N,1.0
2023-11-24T15:47:29,codecarbon,6542311f-296c-40d0-b97e-152f15767d62,0.0035574436187744,6.7579835122494875e-09,1.899674102095173e-06,42.5,0.0,4.281216144561768,3.5262107849121095e-08,0,8.78387531694594e-10,3.614049538081569e-08,Luxembourg,LUX,esch-sur-alzette,,,Linux-6.5.0-5-generic-x86_64-with-glibc2.38,3.11.4,2.3.1,4,Intel(R) Celeron(R) N5100 @ 1.10GHz,,,5.9802,49.4998,11.416576385498049,machine,N,1.0
2023-11-24T15:48:18,codecarbon,6e2d944d-67fe-4e6a-b920-e1cae4dce2d7,0.0033326148986816,6.5455978139580205e-09,1.9641026680122607e-06,42.5,0.0,4.281216144561768,3.4215052922566735e-08,0,7.896414705517904e-10,3.5004694393118536e-08,Luxembourg,LUX,esch-sur-alzette,,,Linux-6.5.0-5-generic-x86_64-with-glibc2.38,3.11.4,2.3.1,4,Intel(R) Celeron(R) N5100 @ 1.10GHz,,,5.9802,49.4998,11.416576385498049,machine,N,1.0
2023-11-24T15:49:51,codecarbon,a867783a-96d9-4494-8733-8602c3792aae,0.0038058757781982,7.375610467418312e-09,1.9379535479505417e-06,42.5,0.0,4.281216144561768,3.868755367067125e-08,0,7.559009552930245e-10,3.944345462596428e-08,Luxembourg,LUX,esch-sur-alzette,,,Linux-6.5.0-5-generic-x86_64-with-glibc2.38,3.11.4,2.3.1,4,Intel(R) Celeron(R) N5100 @ 1.10GHz,,,5.9802,49.4998,11.416576385498049,machine,N,1.0
2023-11-24T15:54:06,codecarbon,b4ed97db-9df9-44c7-be11-95da780bb3ad,0.0011045932769775,2.220985898320293e-09,2.0106820715019208e-06,42.5,0.0,4.281216144561768,1.1590785450405546e-08,0,2.8665261282867504e-10,1.187743806323422e-08,Luxembourg,LUX,esch-sur-alzette,,,Linux-6.5.0-5-generic-x86_64-with-glibc2.38,3.11.4,2.3.1,4,Intel(R) Celeron(R) N5100 @ 1.10GHz,,,5.9802,49.4998,11.416576385498049,machine,N,1.0
2023-11-24T15:58:47,codecarbon,bdad3f09-2c6f-4613-807f-48bfec21227d,0.0040233135223388,8.140236316046867e-09,2.023266710597964e-06,42.5,0.0,4.281216144561768,4.247609111997816e-08,0,1.0564467214635442e-09,4.3532537841441714e-08,Luxembourg,LUX,esch-sur-alzette,,,Linux-6.5.0-5-generic-x86_64-with-glibc2.38,3.11.4,2.3.1,4,Intel(R) Celeron(R) N5100 @ 1.10GHz,,,5.9802,49.4998,11.416576385498049,machine,N,1.0
2023-11-24T16:11:00,codecarbon,ae3e66a7-75a4-4244-b7c0-e9e599dcc777,0.0024840831756591,5.0997227353332485e-09,2.052959733918724e-06,42.5,0.0,4.281216144561768,2.6460654205746133e-08,0,8.117571024020739e-10,2.72724113081482e-08,Luxembourg,LUX,esch-sur-alzette,,,Linux-6.5.0-5-generic-x86_64-with-glibc2.38,3.11.4,2.3.1,4,Intel(R) Celeron(R) N5100 @ 1.10GHz,,,5.9802,49.4998,11.416576385498049,machine,N,1.0
2023-11-24T16:19:45,codecarbon,613c3ab2-45e5-4367-86c0-7ef1aea4e8b1,0.0038516521453857,7.444845508547776e-09,1.932896644746764e-06,42.5,0.0,4.281216144561768,3.880858421325684e-08,0,1.0051271142212195e-09,3.9813711327478064e-08,Luxembourg,LUX,esch-sur-alzette,,,Linux-6.5.0-5-generic-x86_64-with-glibc2.38,3.11.4,2.3.1,4,Intel(R) Celeron(R) N5100 @ 1.10GHz,,,5.9802,49.4998,11.416576385498049,machine,N,1.0
2023-11-24T16:19:55,codecarbon,613c3ab2-45e5-4367-86c0-7ef1aea4e8b1,9.512295246124268,2.3110717798863222e-05,2.429562708146549e-06,42.5,0.0,4.281216144561768,0.0001122852921485,0,1.1306721407408137e-05,0.0001235920135559,Luxembourg,LUX,esch-sur-alzette,,,Linux-6.5.0-5-generic-x86_64-with-glibc2.38,3.11.4,2.3.1,4,Intel(R) Celeron(R) N5100 @ 1.10GHz,,,5.9802,49.4998,11.416576385498049,machine,N,1.0
2023-11-24T16:20:24,codecarbon,5079578b-4b16-4220-a814-f77caa09d75d,0.0031590461730957,6.158499963140307e-09,1.94948083240749e-06,42.5,0.0,4.281216144561768,3.225323226716784e-08,0,6.81331581233735e-10,3.2934563848401574e-08,Luxembourg,LUX,esch-sur-alzette,,,Linux-6.5.0-5-generic-x86_64-with-glibc2.38,3.11.4,2.3.1,4,Intel(R) Celeron(R) N5100 @ 1.10GHz,,,5.9802,49.4998,11.416576385498049,machine,N,1.0
2023-11-24T16:21:12,codecarbon,df1f49e4-e0e8-4100-b1eb-281a837671d7,0.0037953853607177,7.28657187950596e-09,1.9198503411331974e-06,42.5,0.0,4.281216144561768,3.820061683654785e-08,0,7.666752374764958e-10,3.896729207402436e-08,Luxembourg,LUX,esch-sur-alzette,,,Linux-6.5.0-5-generic-x86_64-with-glibc2.38,3.11.4,2.3.1,4,Intel(R) Celeron(R) N5100 @ 1.10GHz,,,5.9802,49.4998,11.416576385498049,machine,N,1.0
2023-11-24T16:22:04,codecarbon,0ea50518-f4c4-4f9a-bd05-aaab9769e975,0.002500295639038,4.725333326158511e-09,1.8899098380127728e-06,42.5,0.0,4.281216144561768,2.4664898713429772e-08,0,6.05344538466094e-10,2.5270243251895864e-08,Luxembourg,LUX,esch-sur-alzette,,,Linux-6.5.0-5-generic-x86_64-with-glibc2.38,3.11.4,2.3.1,4,Intel(R) Celeron(R) N5100 @ 1.10GHz,,,5.9802,49.4998,11.416576385498049,machine,N,1.0
2023-11-24T16:22:29,codecarbon,67357173-5b15-41cd-b83a-f158f7077ee7,0.0041539669036865,8.303175044213606e-09,1.9988544051337488e-06,42.5,0.0,4.281216144561768,4.350907272762724e-08,0,8.948324887114724e-10,4.44039052163387e-08,Luxembourg,LUX,esch-sur-alzette,,,Linux-6.5.0-5-generic-x86_64-with-glibc2.38,3.11.4,2.3.1,4,Intel(R) Celeron(R) N5100 @ 1.10GHz,,,5.9802,49.4998,11.416576385498049,machine,N,1.0
2023-11-24T16:22:48,codecarbon,2f9322f6-a3bf-4a44-9a86-1489e192245f,0.0030891895294189,6.098905449659277e-09,1.97427363765746e-06,42.5,0.0,4.281216144561768,3.1907028622097443e-08,0,7.08834354175754e-10,3.26158629762732e-08,Luxembourg,LUX,esch-sur-alzette,,,Linux-6.5.0-5-generic-x86_64-with-glibc2.38,3.11.4,2.3.1,4,Intel(R) Celeron(R) N5100 @ 1.10GHz,,,5.9802,49.4998,11.416576385498049,machine,N,1.0
2023-11-24T16:22:58,codecarbon,9a2412c4-2eb3-424f-979b-8711235143ed,0.0015757083892822,3.218855836685187e-09,2.042799199762752e-06,42.5,0.0,4.281216144561768,1.6719102859497072e-08,0,4.94766379214676e-10,1.7213869238711747e-08,Luxembourg,LUX,esch-sur-alzette,,,Linux-6.5.0-5-generic-x86_64-with-glibc2.38,3.11.4,2.3.1,4,Intel(R) Celeron(R) N5100 @ 1.10GHz,,,5.9802,49.4998,11.416576385498049,machine,N,1.0
2023-11-24T16:30:26,codecarbon,75c74330-f266-4f69-8503-1933a54b7fe2,0.0038976669311523,7.410168061733541e-09,1.9011804221923928e-06,42.5,0.0,4.281216144561768,3.86565923690796e-08,0,9.71670132704124e-10,3.962826250178372e-08,Luxembourg,LUX,esch-sur-alzette,,,Linux-6.5.0-5-generic-x86_64-with-glibc2.38,3.11.4,2.3.1,4,Intel(R) Celeron(R) N5100 @ 1.10GHz,,,5.9802,49.4998,11.416576385498049,machine,N,1.0
2023-11-24T16:30:26,codecarbon,75c74330-f266-4f69-8503-1933a54b7fe2,0.0299749374389648,7.04259286316312e-08,2.349493765417623e-06,42.5,0.0,4.281216144561768,3.453986512290107e-07,0,3.1226705105117015e-08,3.766253563341277e-07,Luxembourg,LUX,esch-sur-alzette,,,Linux-6.5.0-5-generic-x86_64-with-glibc2.38,3.11.4,2.3.1,4,Intel(R) Celeron(R) N5100 @ 1.10GHz,,,5.9802,49.4998,11.416576385498049,machine,N,1.0
2023-11-24T16:32:14,codecarbon,26b28fde-ef5b-436a-8305-4fa077534b68,0.0018136501312255,3.572667435460566e-09,1.9698768654163262e-06,42.5,0.0,4.281216144561768,1.8751290109422472e-08,0,3.5470071082954747e-10,1.910599082025202e-08,Luxembourg,LUX,esch-sur-alzette,,,Linux-6.5.0-5-generic-x86_64-with-glibc2.38,3.11.4,2.3.1,4,Intel(R) Celeron(R) N5100 @ 1.10GHz,,,5.9802,49.4998,11.416576385498049,machine,N,1.0
2023-11-24T16:32:14,codecarbon,26b28fde-ef5b-436a-8305-4fa077534b68,0.0201749801635742,4.6431076657777774e-08,2.3014187018438185e-06,42.5,0.0,4.281216144561768,2.276894119050768e-07,0,2.0615738356847642e-08,2.483051502619244e-07,Luxembourg,LUX,esch-sur-alzette,,,Linux-6.5.0-5-generic-x86_64-with-glibc2.38,3.11.4,2.3.1,4,Intel(R) Celeron(R) N5100 @ 1.10GHz,,,5.9802,49.4998,11.416576385498049,machine,N,1.0
2023-11-24T16:33:11,codecarbon,ea98ebfa-853c-4770-9a02-4d5a85c05d74,0.0035734176635742,6.952112060910009e-09,1.945507834635915e-06,42.5,0.0,4.281216144561768,3.643863730960422e-08,0,7.400230657594876e-10,3.7178660375363705e-08,Luxembourg,LUX,esch-sur-alzette,,,Linux-6.5.0-5-generic-x86_64-with-glibc2.38,3.11.4,2.3.1,4,Intel(R) Celeron(R) N5100 @ 1.10GHz,,,5.9802,49.4998,11.416576385498049,machine,N,1.0
2023-11-24T16:33:11,codecarbon,ea98ebfa-853c-4770-9a02-4d5a85c05d74,0.0282857418060302,6.669130338010157e-08,2.357771057850905e-06,42.5,0.0,4.281216144561768,3.271005219883389e-07,0,2.9552721894295563e-08,3.5665324388263445e-07,Luxembourg,LUX,esch-sur-alzette,,,Linux-6.5.0-5-generic-x86_64-with-glibc2.38,3.11.4,2.3.1,4,Intel(R) Celeron(R) N5100 @ 1.10GHz,,,5.9802,49.4998,11.416576385498049,machine,N,1.0
2023-11-24T16:33:40,codecarbon,e9082c3e-abf3-4bff-af5e-c4e66ad91115,0.0030062198638916,5.920572573098405e-09,1.969440972768414e-06,42.5,0.0,4.281216144561768,3.1003521548377144e-08,0,6.58648881900111e-10,3.1662170430277256e-08,Luxembourg,LUX,esch-sur-alzette,,,Linux-6.5.0-5-generic-x86_64-with-glibc2.38,3.11.4,2.3.1,4,Intel(R) Celeron(R) N5100 @ 1.10GHz,,,5.9802,49.4998,11.416576385498049,machine,N,1.0
2023-11-24T16:33:40,codecarbon,e9082c3e-abf3-4bff-af5e-c4e66ad91115,0.0205063819885253,4.8105065157554584e-08,2.345858239862712e-06,42.5,0.0,4.281216144561768,2.363501323593989e-07,0,2.090721104328471e-08,2.5725734340268345e-07,Luxembourg,LUX,esch-sur-alzette,,,Linux-6.5.0-5-generic-x86_64-with-glibc2.38,3.11.4,2.3.1,4,Intel(R) Celeron(R) N5100 @ 1.10GHz,,,5.9802,49.4998,11.416576385498049,machine,N,1.0
2023-11-30T06:43:56,codecarbon,4e2c7914-0502-4634-80c6-28f868f57734,0.0191216468811035,1.6654491659204525e-08,8.709757984111141e-07,12.5,0.0,2.7632460594177246,5.946225590176053e-08,0,3.897954428566664e-10,5.985205134461719e-08,Cameroon,CMR,,,,Windows-10-10.0.22631-SP0,3.11.5,2.3.2,6,AMD Ryzen 5 4500U with Radeon Graphics,,,12.5,6.0,7.368656158447266,machine,N,1.0
2023-11-30T06:43:56,codecarbon,4e2c7914-0502-4634-80c6-28f868f57734,0.0938107967376709,9.896844548476332e-08,1.054979265995524e-06,12.5,0.0,2.7632460594177246,3.15309398704105e-07,0,4.0358285537536185e-08,3.556676842416412e-07,Cameroon,CMR,,,,Windows-10-10.0.22631-SP0,3.11.5,2.3.2,6,AMD Ryzen 5 4500U with Radeon Graphics,,,12.5,6.0,7.368656158447266,machine,N,1.0
2023-11-30T06:46:12,codecarbon,b79a5a45-6ca3-4f61-83ec-f7e12fde5484,0.0175890922546386,1.6246696592029862e-08,9.236802193555616e-07,12.5,0.0,2.7632460594177246,5.7620306809743256e-08,0,7.662316991741134e-10,5.8386538508917376e-08,Cameroon,CMR,,,,Windows-10-10.0.22631-SP0,3.11.5,2.3.2,6,AMD Ryzen 5 4500U with Radeon Graphics,,,12.5,6.0,7.368656158447266,machine,N,1.0
2023-11-30T06:46:12,codecarbon,b79a5a45-6ca3-4f61-83ec-f7e12fde5484,0.0759494304656982,7.241491114031802e-08,9.534622010499928e-07,12.5,0.0,2.7632460594177246,2.358944879637825e-07,0,2.4346476958783124e-08,2.602409649225656e-07,Cameroon,CMR,,,,Windows-10-10.0.22631-SP0,3.11.5,2.3.2,6,AMD Ryzen 5 4500U with Radeon Graphics,,,12.5,6.0,7.368656158447266,machine,N,1.0
2023-11-30T06:48:52,codecarbon,d5760051-588d-4014-952c-c3ab159bea0d,0.0130205154418945,9.914986767047344e-11,7.614895747633075e-09,12.5,0.0,2.7632460594177246,4.17083501815796e-08,0,0.0,4.17083501815796e-08,Canada,CAN,quebec,,,Windows-10-10.0.22631-SP0,3.11.5,2.3.2,6,AMD Ryzen 5 4500U with Radeon Graphics,,,-71.2,46.8,7.368656158447266,machine,N,1.0
2023-11-30T06:48:53,codecarbon,d5760051-588d-4014-952c-c3ab159bea0d,0.0545568466186523,4.77466290485338e-10,8.751720821087535e-09,12.5,0.0,2.7632460594177246,1.789505283037822e-07,0,2.190028180166337e-08,2.0085081010544562e-07,Canada,CAN,quebec,,,Windows-10-10.0.22631-SP0,3.11.5,2.3.2,6,AMD Ryzen 5 4500U with Radeon Graphics,,,-71.2,46.8,7.368656158447266,machine,N,1.0
2023-11-30T06:52:24,codecarbon,1c337c6c-3e19-4389-bdc8-bb1dfa141dcf,0.0130157470703125,9.28418014214178e-11,7.1330366916225515e-09,12.5,0.0,2.7632460594177246,3.826038704978096e-08,0,7.944140926952059e-10,3.9054801142476164e-08,Canada,CAN,quebec,,,Windows-10-10.0.22631-SP0,3.11.5,2.3.2,6,AMD Ryzen 5 4500U with Radeon Graphics,,,-71.2,46.8,7.368656158447266,machine,N,1.0
2023-11-30T06:52:24,codecarbon,1c337c6c-3e19-4389-bdc8-bb1dfa141dcf,0.0375921726226806,3.0232114294657136e-10,8.042130099290154e-09,12.5,0.0,2.7632460594177246,1.1672907405429417e-07,0,1.0445236850671337e-08,1.271743109049655e-07,Canada,CAN,quebec,,,Windows-10-10.0.22631-SP0,3.11.5,2.3.2,6,AMD Ryzen 5 4500U with Radeon Graphics,,,-71.2,46.8,7.368656158447266,machine,N,1.0
2023-11-30T08:34:12,codecarbon,bf2173c1-650e-4eea-a6a2-8c69cd683f7b,0.0119998455047607,1.6505772850248512e-08,1.3754987798551337e-06,12.5,0.0,2.7632460594177246,3.4751991430918376e-08,0,7.77028849938688e-10,3.5529020280857073e-08,United States,USA,florida,,,Windows-10-10.0.22631-SP0,3.11.5,2.3.2,6,AMD Ryzen 5 4500U with Radeon Graphics,,,-80.1946,25.7689,7.368656158447266,machine,N,1.0
2023-11-30T08:34:12,codecarbon,bf2173c1-650e-4eea-a6a2-8c69cd683f7b,0.0553023815155029,9.784587265051308e-08,1.7692885906384325e-06,12.5,0.0,2.7632460594177246,1.8510801924599545e-07,0,2.550726216725252e-08,2.1061528141324802e-07,United States,USA,florida,,,Windows-10-10.0.22631-SP0,3.11.5,2.3.2,6,AMD Ryzen 5 4500U with Radeon Graphics,,,-80.1946,25.7689,7.368656158447266,machine,N,1.0
2023-11-30T08:58:47,codecarbon,2272479b-116f-41d8-8526-a5037e1b95c7,0.0150251388549804,1.1565319803220167e-10,7.697313092974542e-09,12.5,0.0,2.7632460594177246,4.865063561333552e-08,0,0.0,4.865063561333552e-08,Canada,CAN,quebec,,,Windows-10-10.0.22631-SP0,3.11.5,2.3.2,6,AMD Ryzen 5 4500U with Radeon Graphics,,,-71.2,46.8,7.368656158447266,machine,N,1.0
2023-11-30T08:58:47,codecarbon,2272479b-116f-41d8-8526-a5037e1b95c7,0.0470838546752929,3.9023677590624475e-10,8.288122937203349e-09,12.5,0.0,2.7632460594177246,1.5301091803444757e-07,0,1.1145953635036677e-08,1.6415687166948424e-07,Canada,CAN,quebec,,,Windows-10-10.0.22631-SP0,3.11.5,2.3.2,6,AMD Ryzen 5 4500U with Radeon Graphics,,,-71.2,46.8,7.368656158447266,machine,N,1.0
2023-11-30T09:00:36,codecarbon,f77fe493-c7e7-4631-8b79-7ebc4eb0472d,0.0169928073883056,1.3384901324905235e-10,7.87680400244908e-09,12.5,0.0,2.7632460594177246,5.5538283454047344e-08,0,7.665977042847772e-10,5.6304881158332096e-08,Canada,CAN,quebec,,,Windows-10-10.0.22631-SP0,3.11.5,2.3.2,6,AMD Ryzen 5 4500U with Radeon Graphics,,,-71.2,46.8,7.368656158447266,machine,N,1.0
2023-11-30T09:00:36,codecarbon,f77fe493-c7e7-4631-8b79-7ebc4eb0472d,0.0525562763214111,4.4185652250468725e-10,8.407302674993309e-09,12.5,0.0,2.7632460594177246,1.7203970087899104e-07,0,1.3831516134530374e-08,1.8587121701352138e-07,Canada,CAN,quebec,,,Windows-10-10.0.22631-SP0,3.11.5,2.3.2,6,AMD Ryzen 5 4500U with Radeon Graphics,,,-71.2,46.8,7.368656158447266,machine,N,1.0
2023-11-30T09:02:47,codecarbon,d2b6d212-f0d6-47a2-aa9b-9217b9987b54,0.0179955959320068,1.4211397794675482e-10,7.897153197021497e-09,12.5,0.0,2.7632460594177246,5.901190969679092e-08,0,7.69708747725417e-10,5.978161844451633e-08,Canada,CAN,quebec,,,Windows-10-10.0.22631-SP0,3.11.5,2.3.2,6,AMD Ryzen 5 4500U with Radeon Graphics,,,-71.2,46.8,7.368656158447266,machine,N,1.0
2023-11-30T09:02:47,codecarbon,d2b6d212-f0d6-47a2-aa9b-9217b9987b54,0.0540149211883544,4.575301723319068e-10,8.4704404313849e-09,12.5,0.0,2.7632460594177246,1.771052678426107e-07,0,1.5359221466439977e-08,1.9246448930905066e-07,Canada,CAN,quebec,,,Windows-10-10.0.22631-SP0,3.11.5,2.3.2,6,AMD Ryzen 5 4500U with Radeon Graphics,,,-71.2,46.8,7.368656158447266,machine,N,1.0
2023-11-30T09:03:47,codecarbon,1600470c-5b99-4e3c-891e-9073fd93f1b7,0.0150027275085449,1.1738568570881208e-10,7.824289659460534e-09,12.5,0.0,2.7632460594177246,4.8594342337714334e-08,0,7.850809623732854e-10,4.93794233000876e-08,Canada,CAN,quebec,,,Windows-10-10.0.22631-SP0,3.11.5,2.3.2,6,AMD Ryzen 5 4500U with Radeon Graphics,,,-71.2,46.8,7.368656158447266,machine,N,1.0
2023-11-30T09:03:47,codecarbon,1600470c-5b99-4e3c-891e-9073fd93f1b7,0.0440378189086914,3.7050571400031266e-10,8.413352958476988e-09,12.5,0.0,2.7632460594177246,1.4586084418826636e-07,0,9.995965577331844e-09,1.5585680976559818e-07,Canada,CAN,quebec,,,Windows-10-10.0.22631-SP0,3.11.5,2.3.2,6,AMD Ryzen 5 4500U with Radeon Graphics,,,-71.2,46.8,7.368656158447266,machine,N,1.0
2023-11-30T09:10:00,codecarbon,3df38acf-90c9-430e-b5fe-5cd372ade9c7,0.0170099735260009,1.3393927051198914e-10,7.874161021312188e-09,12.5,0.0,2.7632460594177246,5.557222498787775e-08,0,7.706237605020762e-10,5.6342848748379815e-08,Canada,CAN,quebec,,,Windows-10-10.0.22631-SP0,3.11.5,2.3.2,6,AMD Ryzen 5 4500U with Radeon Graphics,,,-71.2,46.8,7.368656158447266,machine,N,1.0
2023-11-30T09:10:00,codecarbon,3df38acf-90c9-430e-b5fe-5cd372ade9c7,0.0485537052154541,4.1535145512509187e-10,8.554474952673441e-09,12.5,0.0,2.7632460594177246,1.6163289546966557e-07,0,1.3088708762438733e-08,1.7472160423210425e-07,Canada,CAN,quebec,,,Windows-10-10.0.22631-SP0,3.11.5,2.3.2,6,AMD Ryzen 5 4500U with Radeon Graphics,,,-71.2,46.8,7.368656158447266,machine,N,1.0
2023-11-30T09:11:19,codecarbon,f3ff4802-24bc-4f9a-9873-ca4ae469c732,0.01499605178833,1.1554299215332535e-10,7.704894180429603e-09,12.5,0.0,2.7632460594177246,4.860427644517687e-08,0,0.0,4.860427644517687e-08,Canada,CAN,quebec,,,Windows-10-10.0.22631-SP0,3.11.5,2.3.2,6,AMD Ryzen 5 4500U with Radeon Graphics,,,-71.2,46.8,7.368656158447266,machine,N,1.0
2023-11-30T09:11:20,codecarbon,f3ff4802-24bc-4f9a-9873-ca4ae469c732,0.0410170555114746,3.4214073689597767e-10,8.341426087990717e-09,12.5,0.0,2.7632460594177246,1.3547887404759725e-07,0,8.445933933671769e-09,1.4392480798126906e-07,Canada,CAN,quebec,,,Windows-10-10.0.22631-SP0,3.11.5,2.3.2,6,AMD Ryzen 5 4500U with Radeon Graphics,,,-71.2,46.8,7.368656158447266,machine,N,1.0
2023-11-30T09:13:54,codecarbon,eb498e1a-adb9-4822-96f7-29fc68c1a075,0.016014814376831,1.2564474520151013e-10,7.845532407998611e-09,12.5,0.0,2.7632460594177246,5.2082869741651764e-08,0,7.708067630574071e-10,5.2853676504709175e-08,Canada,CAN,quebec,,,Windows-10-10.0.22631-SP0,3.11.5,2.3.2,6,AMD Ryzen 5 4500U with Radeon Graphics,,,-71.2,46.8,7.368656158447266,machine,N,1.0
2023-11-30T09:13:54,codecarbon,eb498e1a-adb9-4822-96f7-29fc68c1a075,0.0390346050262451,3.23664849387762e-10,8.291741370769456e-09,12.5,0.0,2.7632460594177246,1.284761561287774e-07,0,7.676591191057015e-09,1.3615274731983442e-07,Canada,CAN,quebec,,,Windows-10-10.0.22631-SP0,3.11.5,2.3.2,6,AMD Ryzen 5 4500U with Radeon Graphics,,,-71.2,46.8,7.368656158447266,machine,N,1.0
2023-11-30T09:16:08,codecarbon,57cf5230-d364-45a1-8e92-e11944d12724,0.0135366916656494,1.0525843893867236e-10,7.775787580784988e-09,12.5,0.0,2.7632460594177246,4.3509735001458063e-08,0,7.682447272827631e-10,4.427797972874082e-08,Canada,CAN,quebec,,,Windows-10-10.0.22631-SP0,3.11.5,2.3.2,6,AMD Ryzen 5 4500U with Radeon Graphics,,,-71.2,46.8,7.368656158447266,machine,N,1.0
2023-11-30T09:16:08,codecarbon,57cf5230-d364-45a1-8e92-e11944d12724,0.0415291786193847,3.499651601605283e-10,8.42697042886308e-09,12.5,0.0,2.7632460594177246,1.3723307185702856e-07,0,9.98315539845862e-09,1.472162272554872e-07,Canada,CAN,quebec,,,Windows-10-10.0.22631-SP0,3.11.5,2.3.2,6,AMD Ryzen 5 4500U with Radeon Graphics,,,-71.2,46.8,7.368656158447266,machine,N,1.0
2023-11-30T09:17:48,codecarbon,a2f41269-1687-4b41-b961-5f3e4dc9b480,0.0149934291839599,1.1716802698821358e-10,7.814625030113891e-09,12.5,0.0,2.7632460594177246,4.8530598481496194e-08,0,7.57264573962857e-10,4.928786305545904e-08,Canada,CAN,quebec,,,Windows-10-10.0.22631-SP0,3.11.5,2.3.2,6,AMD Ryzen 5 4500U with Radeon Graphics,,,-71.2,46.8,7.368656158447266,machine,N,1.0
2023-11-30T09:17:48,codecarbon,a2f41269-1687-4b41-b961-5f3e4dc9b480,0.042534589767456,3.5172482472253724e-10,8.269148160249755e-09,12.5,0.0,2.7632460594177246,1.372107201152378e-07,0,1.0745727046526098e-08,1.479564471617639e-07,Canada,CAN,quebec,,,Windows-10-10.0.22631-SP0,3.11.5,2.3.2,6,AMD Ryzen 5 4500U with Radeon Graphics,,,-71.2,46.8,7.368656158447266,machine,N,1.0
2023-11-30T09:20:52,codecarbon,2b39d460-c50b-4c4b-83e8-3494ca4e7250,0.011009931564331,8.261701787690338e-11,7.50386297990791e-09,12.5,0.0,2.7632460594177246,3.4753647115495475e-08,0,0.0,3.4753647115495475e-08,Canada,CAN,quebec,,,Windows-10-10.0.22631-SP0,3.11.5,2.3.2,6,AMD Ryzen 5 4500U with Radeon Graphics,,,-71.2,46.8,7.368656158447266,machine,N,1.0
2023-11-30T09:20:52,codecarbon,2b39d460-c50b-4c4b-83e8-3494ca4e7250,0.0359787940979003,3.0233958855711406e-10,8.403271875495062e-09,12.5,0.0,2.7632460594177246,1.179849108060201e-07,0,9.197159423308677e-09,1.2718207022932877e-07,Canada,CAN,quebec,,,Windows-10-10.0.22631-SP0,3.11.5,2.3.2,6,AMD Ryzen 5 4500U with Radeon Graphics,,,-71.2,46.8,7.368656158447266,machine,N,1.0
2023-11-30T09:21:11,codecarbon,791f329f-3970-4ff3-bfed-24371f426a87,0.0140013694763183,1.0738185323010964e-10,7.669382156633551e-09,12.5,0.0,2.7632460594177246,4.517121447457208e-08,0,0.0,4.517121447457208e-08,Canada,CAN,quebec,,,Windows-10-10.0.22631-SP0,3.11.5,2.3.2,6,AMD Ryzen 5 4500U with Radeon Graphics,,,-71.2,46.8,7.368656158447266,machine,N,1.0
2023-11-30T09:21:11,codecarbon,791f329f-3970-4ff3-bfed-24371f426a87,0.0370168685913085,3.0729403533912416e-10,8.301459497610653e-09,12.5,0.0,2.7632460594177246,1.215901639726427e-07,0,7.676042183391018e-09,1.292662061560337e-07,Canada,CAN,quebec,,,Windows-10-10.0.22631-SP0,3.11.5,2.3.2,6,AMD Ryzen 5 4500U with Radeon Graphics,,,-71.2,46.8,7.368656158447266,machine,N,1.0
2023-11-30T10:29:42,codecarbon,2a6736e2-03bc-408d-bc2b-c9c7d6dad839,0.0135271549224853,1.0518558315919439e-10,7.775883677087998e-09,12.5,0.0,2.7632460594177246,4.347579346762764e-08,0,7.71538773278735e-10,4.424733224090637e-08,Canada,CAN,quebec,,,Windows-10-10.0.22631-SP0,3.11.5,2.3.2,6,AMD Ryzen 5 4500U with Radeon Graphics,,,-71.2,46.8,7.368656158447266,machine,N,1.0
2023-11-30T10:29:42,codecarbon,2a6736e2-03bc-408d-bc2b-c9c7d6dad839,0.0455410480499267,3.9391760238383736e-10,8.649726329354226e-09,12.5,0.0,2.7632460594177246,1.5112012624740604e-07,0,1.4585120657386598e-08,1.6570524690479269e-07,Canada,CAN,quebec,,,Windows-10-10.0.22631-SP0,3.11.5,2.3.2,6,AMD Ryzen 5 4500U with Radeon Graphics,,,-71.2,46.8,7.368656158447266,machine,N,1.0
2023-12-02T09:55:45,codecarbon,65272cc9-5008-420d-a092-dc461a7fdc82,0.019000768661499,1.421374068593861e-10,7.480613515778287e-09,12.5,0.0,2.7632460594177246,5.9024327331119123e-08,0,7.671467119507723e-10,5.97914740430699e-08,Canada,CAN,quebec,,,Windows-10-10.0.22631-SP0,3.11.5,2.3.2,6,AMD Ryzen 5 4500U with Radeon Graphics,,,-71.2,46.8,7.368656158447266,machine,N,1.0
2023-12-02T09:55:45,codecarbon,65272cc9-5008-420d-a092-dc461a7fdc82,0.0895533561706543,8.075253144835102e-10,9.017253501305715e-09,12.5,0.0,2.7632460594177246,2.9705464839935306e-07,0,4.263868037952534e-08,3.396933287788784e-07,Canada,CAN,quebec,,,Windows-10-10.0.22631-SP0,3.11.5,2.3.2,6,AMD Ryzen 5 4500U with Radeon Graphics,,,-71.2,46.8,7.368656158447266,machine,N,1.0
